[
{
  "model": "main.category",
  "pk": 1,
  "fields": {
    "name": "Mens"
  }
},
{
  "model": "main.category",
  "pk": 2,
  "fields": {
    "name": "Women"
  }
},
{
  "model": "main.category",
  "pk": 3,
  "fields": {
    "name": "kids"
  }
},
{
  "model": "main.product",
  "pk": "P01",
  "fields": {
    "name": "Dingyun Zhang Samba",
    "brand": "Adidas",
    "description": "Dingyun Zhang Samba Iconic shoes blend timeless style with lasting function. Born as 1950s indoor football trainers, they’ve evolved into cultural icons. With a smooth leather upper, reinforced toe, and grippy rubber sole, they’re ready for the streets or the dance floor. Step into 70 years of legacy—and make it your own.",
    "price": "21499.00",
    "original_price": "24999.00",
    "discount_percentage": "60.00",
    "stock": 24,
    "sizes": [
      "7",
      "8",
      "9",
      "10"
    ],
    "shoe_type": "Lifestyle Sneakers",
    "color": "Black/White",
    "material": "Leather",
    "weight": "0.95",
    "is_active": true,
    "category": 1,
    "created_at": "2025-10-20T17:00:29.831Z"
  }
},
{
  "model": "main.product",
  "pk": "P02",
  "fields": {
    "name": "Nike Revolution 8",
    "brand": "Nike",
    "description": "The Revolution 8 upgrades your go-to runner with softer strides and cooler runs. A breathable mesh upper keeps you comfortable, while the foam midsole with rocker geometry provides smooth, cushioned support every step of the way.",
    "price": "4295.00",
    "original_price": "4999.00",
    "discount_percentage": "30.00",
    "stock": 48,
    "sizes": [
      "6",
      "7",
      "8",
      "9",
      "10"
    ],
    "shoe_type": "Lifestyle Sneakers",
    "color": "Black/White",
    "material": "Leather",
    "weight": "0.96",
    "is_active": true,
    "category": 1,
    "created_at": "2025-10-21T07:05:44.761Z"
  }
},
{
  "model": "main.product",
  "pk": "P03",
  "fields": {
    "name": "Air Force 1",
    "brand": "Nike",
    "description": "Big Kids' Nike Air Force 1 Iconic style meets legendary comfort with durable leather, lightweight Air cushioning, and a grippy rubber sole—perfect for everyday streetwea",
    "price": "5995.00",
    "original_price": "6999.00",
    "discount_percentage": "20.00",
    "stock": 58,
    "sizes": [
      "4",
      "5",
      "6"
    ],
    "shoe_type": "Lifestyle Sneakers",
    "color": "Black/White",
    "material": "Leather",
    "weight": "0.96",
    "is_active": true,
    "category": 3,
    "created_at": "2025-10-21T07:10:39.798Z"
  }
},
{
  "model": "main.product",
  "pk": "P04",
  "fields": {
    "name": "New Balance 530",
    "brand": "New Balance",
    "description": "The 530 blends Y2K running style with modern everyday wear. Featuring a segmented ABZORB midsole and mesh-synthetic upper with bold curves, it delivers comfort and a standout, tech-inspired look.",
    "price": "19999.00",
    "original_price": "23999.00",
    "discount_percentage": "60.00",
    "stock": 69,
    "sizes": [
      "6",
      "7",
      "8",
      "9",
      "10"
    ],
    "shoe_type": "Lifestyle Sneakers",
    "color": "Black/White",
    "material": "Leather",
    "weight": "0.96",
    "is_active": true,
    "category": 1,
    "created_at": "2025-10-21T07:12:26.441Z"
  }
},
{
  "model": "main.product",
  "pk": "P05",
  "fields": {
    "name": "REVOLUTION 8",
    "brand": "Nike",
    "description": "Nike Revolution 8 Women's Road Running Shoes Experience soft, cushioned strides with a foam midsole and flexible forefoot. The upgraded mesh upper improves breathability over the Revolution 7, keeping you cool and comfortable. Designed with flex grooves for smooth movement and touch points at the heel and tongue for easy on/off.",
    "price": "4295.00",
    "original_price": "4999.00",
    "discount_percentage": "30.00",
    "stock": 80,
    "sizes": [
      "4",
      "5",
      "6",
      "7"
    ],
    "shoe_type": "Running Shoe's",
    "color": "Multi Color",
    "material": "Mesh",
    "weight": "1.10",
    "is_active": true,
    "category": 2,
    "created_at": "2025-10-21T07:14:19.942Z"
  }
},
{
  "model": "main.product",
  "pk": "P06",
  "fields": {
    "name": "CHUCK TAYLOR ALL STAR LUGGED",
    "brand": "Converse",
    "description": "Lugged Heel Mary Jane Platform A modern twist on 20th-century fashion, featuring a luxe leather upper, adjustable buckled straps, and a bold lugged platform for added height. OrthoLite cushioning ensures all-day comfort, finished with the iconic All Star license plate.",
    "price": "6999.00",
    "original_price": "7499.00",
    "discount_percentage": "10.00",
    "stock": 88,
    "sizes": [
      "4",
      "5",
      "6"
    ],
    "shoe_type": "Platform",
    "color": "Black",
    "material": "Canvas",
    "weight": "0.95",
    "is_active": true,
    "category": 2,
    "created_at": "2025-10-21T07:16:03.760Z"
  }
},
{
  "model": "main.product",
  "pk": "P07",
  "fields": {
    "name": "CHUCK TAYLOR ALL STAR LUGGED",
    "brand": "Converse",
    "description": "Office-ready elegance meets sneaker-like comfort. Made with durable leather, OrthoLite cushioning, and a chunky platform heel for added height. Available in neutral and bold tones to match any outfit, finished with the iconic All Star logo on the heel.",
    "price": "6999.00",
    "original_price": "7499.00",
    "discount_percentage": "10.00",
    "stock": 59,
    "sizes": [
      "4",
      "5",
      "6"
    ],
    "shoe_type": "Platform",
    "color": "Multi Color",
    "material": "Canvas",
    "weight": "0.95",
    "is_active": true,
    "category": 2,
    "created_at": "2025-10-21T07:17:35.144Z"
  }
},
{
  "model": "main.product",
  "pk": "P08",
  "fields": {
    "name": "AIR RIFT",
    "brand": "Nike",
    "description": "Feel barefoot with the comfort of a shoe. Featuring a split-toe design, smooth leather upper, and adjustable straps for a custom fit. Nike Air cushioning and rugged rubber outsole deliver all-day comfort and traction. Inspired by the 1996 original.",
    "price": "9999.00",
    "original_price": "14999.00",
    "discount_percentage": "10.00",
    "stock": 78,
    "sizes": [
      "3",
      "4",
      "5",
      "6"
    ],
    "shoe_type": "Sneaker",
    "color": "Silver",
    "material": "Textile",
    "weight": "1.10",
    "is_active": true,
    "category": 2,
    "created_at": "2025-10-21T07:19:46.980Z"
  }
},
{
  "model": "main.product",
  "pk": "P09",
  "fields": {
    "name": "GLIDE LOW",
    "brand": "Reebok",
    "description": "A retro-inspired low-top sneaker with a leather and synthetic upper for durability. Features a MemoryTech OrthoLite® sockliner, shock-absorbing EVA midsole, and rubber outsole for comfort and grip. Bold green accents and a clean silhouette make it perfect for everyday wear.",
    "price": "7999.00",
    "original_price": "8599.00",
    "discount_percentage": "10.00",
    "stock": 98,
    "sizes": [
      "7",
      "8",
      "9",
      "10",
      "11"
    ],
    "shoe_type": "Lifestyle Sneakers",
    "color": "Green",
    "material": "Synthetic",
    "weight": "1.10",
    "is_active": true,
    "category": 1,
    "created_at": "2025-10-21T07:21:12.524Z"
  }
},
{
  "model": "main.product",
  "pk": "P10",
  "fields": {
    "name": "PALERMO VINTAGE",
    "brand": "Puma",
    "description": "A retro-inspired low-top sneaker with a leather and synthetic upper for durability. Features a MemoryTech OrthoLite® sockliner, shock-absorbing EVA midsole, and rubber outsole for comfort and grip. Bold green accents and a clean silhouette make it perfect for everyday wear.",
    "price": "6999.00",
    "original_price": "7599.00",
    "discount_percentage": "10.00",
    "stock": 89,
    "sizes": [
      "/Images/ppv1.webp",
      "/Images/ppv2.webp",
      "/Images/ppv3.webp",
      "/Images/ppv4.webp",
      "/Images/ppv5.webp"
    ],
    "shoe_type": "Casual Sneaker",
    "color": "Blue Ivory",
    "material": "Suede Leather",
    "weight": "1.10",
    "is_active": true,
    "category": 1,
    "created_at": "2025-10-21T07:22:48.142Z"
  }
},
{
  "model": "main.order",
  "pk": 1,
  "fields": {
    "user": "c85e91c7-e8d9-43a9-adfe-5b84fada8997",
    "total_amount": "846.00",
    "payment_method": "COD",
    "status": "Pending",
    "created_at": "2025-10-20T16:51:16.164Z",
    "razorpay_order_id": null,
    "razorpay_payment_id": null,
    "razorpay_signature": null
  }
},
{
  "model": "main.order",
  "pk": 2,
  "fields": {
    "user": "b9fdcdf5-e72a-4c4b-8bf3-1015624a05f2",
    "total_amount": "42998.00",
    "payment_method": "UPI",
    "status": "cancelled",
    "created_at": "2025-10-21T05:24:57.830Z",
    "razorpay_order_id": null,
    "razorpay_payment_id": null,
    "razorpay_signature": null
  }
},
{
  "model": "main.order",
  "pk": 3,
  "fields": {
    "user": "b9fdcdf5-e72a-4c4b-8bf3-1015624a05f2",
    "total_amount": "42998.00",
    "payment_method": "UPI",
    "status": "cancelled",
    "created_at": "2025-10-21T05:36:55.661Z",
    "razorpay_order_id": null,
    "razorpay_payment_id": null,
    "razorpay_signature": null
  }
},
{
  "model": "main.order",
  "pk": 4,
  "fields": {
    "user": "b9fdcdf5-e72a-4c4b-8bf3-1015624a05f2",
    "total_amount": "21499.00",
    "payment_method": "RAZORPAY",
    "status": "Pending",
    "created_at": "2025-10-21T05:59:26.220Z",
    "razorpay_order_id": "order_RW13wGC7xMyj4Q",
    "razorpay_payment_id": null,
    "razorpay_signature": null
  }
},
{
  "model": "main.order",
  "pk": 5,
  "fields": {
    "user": "b9fdcdf5-e72a-4c4b-8bf3-1015624a05f2",
    "total_amount": "21499.00",
    "payment_method": "RAZORPAY",
    "status": "Pending",
    "created_at": "2025-10-21T06:06:04.681Z",
    "razorpay_order_id": "order_RW1AxDxMyX8rPS",
    "razorpay_payment_id": null,
    "razorpay_signature": null
  }
},
{
  "model": "main.order",
  "pk": 6,
  "fields": {
    "user": "b9fdcdf5-e72a-4c4b-8bf3-1015624a05f2",
    "total_amount": "21499.00",
    "payment_method": "RAZORPAY",
    "status": "Pending",
    "created_at": "2025-10-21T06:06:09.812Z",
    "razorpay_order_id": "order_RW1B2ouekbP1CG",
    "razorpay_payment_id": null,
    "razorpay_signature": null
  }
},
{
  "model": "main.order",
  "pk": 7,
  "fields": {
    "user": "b9fdcdf5-e72a-4c4b-8bf3-1015624a05f2",
    "total_amount": "21499.00",
    "payment_method": "RAZORPAY",
    "status": "Pending",
    "created_at": "2025-10-21T06:17:12.962Z",
    "razorpay_order_id": "order_RW1MigTBIVLxEj",
    "razorpay_payment_id": null,
    "razorpay_signature": null
  }
},
{
  "model": "main.order",
  "pk": 8,
  "fields": {
    "user": "b9fdcdf5-e72a-4c4b-8bf3-1015624a05f2",
    "total_amount": "21499.00",
    "payment_method": "RAZORPAY",
    "status": "shipped",
    "created_at": "2025-10-21T06:22:31.733Z",
    "razorpay_order_id": "order_RW1SKd1VNxdGh6",
    "razorpay_payment_id": "pay_RW1SVvoMouTjfD",
    "razorpay_signature": "b0ecba7f86bb483fac5dcb93f2d99aac73b44a14384933182e1f5542124ff26f"
  }
},
{
  "model": "main.order",
  "pk": 9,
  "fields": {
    "user": "b9fdcdf5-e72a-4c4b-8bf3-1015624a05f2",
    "total_amount": "16998.00",
    "payment_method": "RAZORPAY",
    "status": "Paid",
    "created_at": "2025-10-21T08:38:43.508Z",
    "razorpay_order_id": "order_RW3mCdgsXVo0FU",
    "razorpay_payment_id": "pay_RW3mJyLm9yG8sC",
    "razorpay_signature": "68b6370c1ed250d2c8d6d578c109a612567ba46808f36014b9f083ee71f8866a"
  }
},
{
  "model": "main.order",
  "pk": 10,
  "fields": {
    "user": "b9fdcdf5-e72a-4c4b-8bf3-1015624a05f2",
    "total_amount": "16998.00",
    "payment_method": "RAZORPAY",
    "status": "delivered",
    "created_at": "2025-10-21T08:41:04.941Z",
    "razorpay_order_id": "order_RW3oh35tuHSdJE",
    "razorpay_payment_id": "pay_RW3oorO5pPrHBo",
    "razorpay_signature": "9b6d11c0e42dfa1b8cd7c5d056e26d4405a5c7989ce8f11e37befb779fb2db42"
  }
},
{
  "model": "main.order",
  "pk": 11,
  "fields": {
    "user": "b9fdcdf5-e72a-4c4b-8bf3-1015624a05f2",
    "total_amount": "16998.00",
    "payment_method": "RAZORPAY",
    "status": "cancelled",
    "created_at": "2025-10-21T08:43:16.358Z",
    "razorpay_order_id": "order_RW3r0SuJewfLc2",
    "razorpay_payment_id": "pay_RW3rB88hrjhYpY",
    "razorpay_signature": "1e7d1f956d13e1ba01f65b52c8f1977fef77fc0f8d450f03fd24741e340c8b2e"
  }
},
{
  "model": "main.order",
  "pk": 12,
  "fields": {
    "user": "b9fdcdf5-e72a-4c4b-8bf3-1015624a05f2",
    "total_amount": "19999.00",
    "payment_method": "COD",
    "status": "cancelled",
    "created_at": "2025-10-21T09:28:34.241Z",
    "razorpay_order_id": null,
    "razorpay_payment_id": null,
    "razorpay_signature": null
  }
},
{
  "model": "main.order",
  "pk": 13,
  "fields": {
    "user": "b9fdcdf5-e72a-4c4b-8bf3-1015624a05f2",
    "total_amount": "27998.00",
    "payment_method": "RAZORPAY",
    "status": "cancelled",
    "created_at": "2025-10-21T11:27:03.189Z",
    "razorpay_order_id": "order_RW6e0K3r1K5xit",
    "razorpay_payment_id": "pay_RW6e88wwTQTQxk",
    "razorpay_signature": "fcdde71304176c1665ac20874533a651b342b8a724f8d662fedcf5f3e27218c3"
  }
},
{
  "model": "main.order",
  "pk": 14,
  "fields": {
    "user": "b9fdcdf5-e72a-4c4b-8bf3-1015624a05f2",
    "total_amount": "7999.00",
    "payment_method": "RAZORPAY",
    "status": "Paid",
    "created_at": "2025-10-21T12:09:17.486Z",
    "razorpay_order_id": "order_RW7McgUPB9HBpD",
    "razorpay_payment_id": "pay_RW7MkPmFu1tfaZ",
    "razorpay_signature": "978c448cbbaf8c8b7b1a4de0dc42cb76692cb913b658a5595970f23e8d4c21f5"
  }
},
{
  "model": "main.order",
  "pk": 15,
  "fields": {
    "user": "0c0b2b07-463f-4c73-8be3-6e5140961da2",
    "total_amount": "9999.00",
    "payment_method": "RAZORPAY",
    "status": "Paid",
    "created_at": "2025-10-22T11:57:29.012Z",
    "razorpay_order_id": "order_RWVhHu79pdbAmI",
    "razorpay_payment_id": "pay_RWVhZDoqQCMxvK",
    "razorpay_signature": "1222ca5aa494c048a8120210606b2a493f3a0f879927eb2ab4ee0b8a3f0bbd29"
  }
},
{
  "model": "main.order",
  "pk": 16,
  "fields": {
    "user": "3aabbb3d-be0f-413b-b417-5456aea846db",
    "total_amount": "4295.00",
    "payment_method": "RAZORPAY",
    "status": "delivered",
    "created_at": "2025-10-22T13:00:20.218Z",
    "razorpay_order_id": "order_RWWlgdABJaOa7D",
    "razorpay_payment_id": "pay_RWWlollby09AFr",
    "razorpay_signature": "a534fd286ac838fea2f16010aee5cae3d4baac7ae90a20cd357c1a9077478a5c"
  }
},
{
  "model": "main.order",
  "pk": 17,
  "fields": {
    "user": "6fbe76d3-5af9-49f8-8927-f9ae7d90f514",
    "total_amount": "21499.00",
    "payment_method": "RAZORPAY",
    "status": "Paid",
    "created_at": "2025-10-22T13:08:21.787Z",
    "razorpay_order_id": "order_RWWu9U8FzKKo88",
    "razorpay_payment_id": "pay_RWWuhEsqBbBMgo",
    "razorpay_signature": "08106f3a909d2ee162d6cf442a57efbe36c83f9fca6f3301811a2207209e28b5"
  }
},
{
  "model": "main.order",
  "pk": 18,
  "fields": {
    "user": "b9fdcdf5-e72a-4c4b-8bf3-1015624a05f2",
    "total_amount": "88280.00",
    "payment_method": "RAZORPAY",
    "status": "processing",
    "created_at": "2025-10-23T16:19:50.613Z",
    "razorpay_order_id": "order_RWyhXaSgcdaC27",
    "razorpay_payment_id": "pay_RWyiEsBRx1ziI6",
    "razorpay_signature": "5763f6f99290c33f57763dec072d4d39b8229c7e21551a05d6f3a6d0913ca0eb"
  }
},
{
  "model": "main.order",
  "pk": 19,
  "fields": {
    "user": "b9fdcdf5-e72a-4c4b-8bf3-1015624a05f2",
    "total_amount": "17998.00",
    "payment_method": "COD",
    "status": "Pending",
    "created_at": "2025-10-27T06:25:25.961Z",
    "razorpay_order_id": null,
    "razorpay_payment_id": null,
    "razorpay_signature": null
  }
},
{
  "model": "main.order",
  "pk": 20,
  "fields": {
    "user": "bd48fa4a-d60b-42e2-ad31-2c241f1a0678",
    "total_amount": "15994.00",
    "payment_method": "COD",
    "status": "cancelled",
    "created_at": "2025-10-27T06:29:52.632Z",
    "razorpay_order_id": null,
    "razorpay_payment_id": null,
    "razorpay_signature": null
  }
},
{
  "model": "main.order",
  "pk": 21,
  "fields": {
    "user": "bd48fa4a-d60b-42e2-ad31-2c241f1a0678",
    "total_amount": "12994.00",
    "payment_method": "COD",
    "status": "cancelled",
    "created_at": "2025-10-27T06:32:14.904Z",
    "razorpay_order_id": null,
    "razorpay_payment_id": null,
    "razorpay_signature": null
  }
},
{
  "model": "main.order",
  "pk": 22,
  "fields": {
    "user": "bd48fa4a-d60b-42e2-ad31-2c241f1a0678",
    "total_amount": "4295.00",
    "payment_method": "COD",
    "status": "cancelled",
    "created_at": "2025-10-27T06:32:54.369Z",
    "razorpay_order_id": null,
    "razorpay_payment_id": null,
    "razorpay_signature": null
  }
},
{
  "model": "main.order",
  "pk": 23,
  "fields": {
    "user": "bd48fa4a-d60b-42e2-ad31-2c241f1a0678",
    "total_amount": "59991.00",
    "payment_method": "RAZORPAY",
    "status": "Paid",
    "created_at": "2025-10-27T06:40:16.055Z",
    "razorpay_order_id": "order_RYOxnP8D7IyI1R",
    "razorpay_payment_id": "pay_RYOy2L2KI3Y4M7",
    "razorpay_signature": "704bf09f8b3baf59490e5a9f265608df62c445392a9ede8e78178d9c5b73b9f9"
  }
},
{
  "model": "main.order",
  "pk": 24,
  "fields": {
    "user": "bd48fa4a-d60b-42e2-ad31-2c241f1a0678",
    "total_amount": "16998.00",
    "payment_method": "RAZORPAY",
    "status": "Paid",
    "created_at": "2025-10-27T06:42:50.540Z",
    "razorpay_order_id": "order_RYP0W3YL4uWa4k",
    "razorpay_payment_id": "pay_RYP0ex2Uv0poq7",
    "razorpay_signature": "646961f55ab29d9a96b574396fb475627f54bedbfc935e97751014e400d42e61"
  }
},
{
  "model": "main.order",
  "pk": 25,
  "fields": {
    "user": "bd48fa4a-d60b-42e2-ad31-2c241f1a0678",
    "total_amount": "9999.00",
    "payment_method": "RAZORPAY",
    "status": "Paid",
    "created_at": "2025-10-27T06:46:19.651Z",
    "razorpay_order_id": "order_RYP4CJqWyeuDUI",
    "razorpay_payment_id": "pay_RYP4Jb5bcFVuJL",
    "razorpay_signature": "b6951f65b9ea3988434c54c37c331c2efbbfc6b395302bc55dcd690450fcedca"
  }
},
{
  "model": "main.order",
  "pk": 26,
  "fields": {
    "user": "bd48fa4a-d60b-42e2-ad31-2c241f1a0678",
    "total_amount": "13998.00",
    "payment_method": "COD",
    "status": "Pending",
    "created_at": "2025-10-29T10:17:27.773Z",
    "razorpay_order_id": null,
    "razorpay_payment_id": null,
    "razorpay_signature": null
  }
},
{
  "model": "main.order",
  "pk": 27,
  "fields": {
    "user": "bd48fa4a-d60b-42e2-ad31-2c241f1a0678",
    "total_amount": "64497.00",
    "payment_method": "COD",
    "status": "Pending",
    "created_at": "2025-10-29T10:19:00.692Z",
    "razorpay_order_id": null,
    "razorpay_payment_id": null,
    "razorpay_signature": null
  }
},
{
  "model": "main.order",
  "pk": 28,
  "fields": {
    "user": "bd48fa4a-d60b-42e2-ad31-2c241f1a0678",
    "total_amount": "6999.00",
    "payment_method": "COD",
    "status": "Pending",
    "created_at": "2025-10-29T10:20:17.453Z",
    "razorpay_order_id": null,
    "razorpay_payment_id": null,
    "razorpay_signature": null
  }
},
{
  "model": "main.order",
  "pk": 29,
  "fields": {
    "user": "bd48fa4a-d60b-42e2-ad31-2c241f1a0678",
    "total_amount": "4295.00",
    "payment_method": "COD",
    "status": "Pending",
    "created_at": "2025-10-29T10:20:59.800Z",
    "razorpay_order_id": null,
    "razorpay_payment_id": null,
    "razorpay_signature": null
  }
},
{
  "model": "main.order",
  "pk": 30,
  "fields": {
    "user": "bd48fa4a-d60b-42e2-ad31-2c241f1a0678",
    "total_amount": "17998.00",
    "payment_method": "RAZORPAY",
    "status": "Paid",
    "created_at": "2025-11-04T16:04:48.277Z",
    "razorpay_order_id": "order_Rbir5fswcDRUQB",
    "razorpay_payment_id": "pay_RbirDfDokG6XGf",
    "razorpay_signature": "eec5caf07c1cd7d6d53b6f632c803918b8427ba9d03b483ff8c77016bcaf1fb4"
  }
},
{
  "model": "main.order",
  "pk": 31,
  "fields": {
    "user": "bd48fa4a-d60b-42e2-ad31-2c241f1a0678",
    "total_amount": "7999.00",
    "payment_method": "COD",
    "status": "Pending",
    "created_at": "2025-11-04T16:05:54.898Z",
    "razorpay_order_id": null,
    "razorpay_payment_id": null,
    "razorpay_signature": null
  }
},
{
  "model": "main.orderitem",
  "pk": 2,
  "fields": {
    "order": 2,
    "product": "P01",
    "quantity": 2,
    "price": "21499.00",
    "size": null
  }
},
{
  "model": "main.orderitem",
  "pk": 3,
  "fields": {
    "order": 3,
    "product": "P01",
    "quantity": 2,
    "price": "21499.00",
    "size": null
  }
},
{
  "model": "main.orderitem",
  "pk": 4,
  "fields": {
    "order": 12,
    "product": "P04",
    "quantity": 1,
    "price": "19999.00",
    "size": null
  }
},
{
  "model": "main.orderitem",
  "pk": 5,
  "fields": {
    "order": 18,
    "product": "P06",
    "quantity": 1,
    "price": "6999.00",
    "size": null
  }
},
{
  "model": "main.orderitem",
  "pk": 6,
  "fields": {
    "order": 18,
    "product": "P03",
    "quantity": 1,
    "price": "5995.00",
    "size": null
  }
},
{
  "model": "main.orderitem",
  "pk": 7,
  "fields": {
    "order": 18,
    "product": "P07",
    "quantity": 2,
    "price": "6999.00",
    "size": null
  }
},
{
  "model": "main.orderitem",
  "pk": 8,
  "fields": {
    "order": 18,
    "product": "P09",
    "quantity": 2,
    "price": "7999.00",
    "size": null
  }
},
{
  "model": "main.orderitem",
  "pk": 9,
  "fields": {
    "order": 18,
    "product": "P05",
    "quantity": 1,
    "price": "4295.00",
    "size": null
  }
},
{
  "model": "main.orderitem",
  "pk": 10,
  "fields": {
    "order": 18,
    "product": "P10",
    "quantity": 3,
    "price": "6999.00",
    "size": null
  }
},
{
  "model": "main.orderitem",
  "pk": 11,
  "fields": {
    "order": 18,
    "product": "P08",
    "quantity": 2,
    "price": "9999.00",
    "size": null
  }
},
{
  "model": "main.orderitem",
  "pk": 12,
  "fields": {
    "order": 19,
    "product": "P09",
    "quantity": 1,
    "price": "7999.00",
    "size": null
  }
},
{
  "model": "main.orderitem",
  "pk": 13,
  "fields": {
    "order": 19,
    "product": "P08",
    "quantity": 1,
    "price": "9999.00",
    "size": null
  }
},
{
  "model": "main.orderitem",
  "pk": 14,
  "fields": {
    "order": 20,
    "product": "P08",
    "quantity": 1,
    "price": "9999.00",
    "size": null
  }
},
{
  "model": "main.orderitem",
  "pk": 15,
  "fields": {
    "order": 20,
    "product": "P03",
    "quantity": 1,
    "price": "5995.00",
    "size": null
  }
},
{
  "model": "main.orderitem",
  "pk": 16,
  "fields": {
    "order": 21,
    "product": "P03",
    "quantity": 1,
    "price": "5995.00",
    "size": null
  }
},
{
  "model": "main.orderitem",
  "pk": 17,
  "fields": {
    "order": 21,
    "product": "P06",
    "quantity": 1,
    "price": "6999.00",
    "size": null
  }
},
{
  "model": "main.orderitem",
  "pk": 18,
  "fields": {
    "order": 22,
    "product": "P02",
    "quantity": 1,
    "price": "4295.00",
    "size": null
  }
},
{
  "model": "main.orderitem",
  "pk": 19,
  "fields": {
    "order": 23,
    "product": "P04",
    "quantity": 2,
    "price": "19999.00",
    "size": null
  }
},
{
  "model": "main.orderitem",
  "pk": 20,
  "fields": {
    "order": 23,
    "product": "P03",
    "quantity": 1,
    "price": "5995.00",
    "size": null
  }
},
{
  "model": "main.orderitem",
  "pk": 21,
  "fields": {
    "order": 23,
    "product": "P06",
    "quantity": 2,
    "price": "6999.00",
    "size": null
  }
},
{
  "model": "main.orderitem",
  "pk": 22,
  "fields": {
    "order": 24,
    "product": "P08",
    "quantity": 1,
    "price": "9999.00",
    "size": null
  }
},
{
  "model": "main.orderitem",
  "pk": 23,
  "fields": {
    "order": 24,
    "product": "P07",
    "quantity": 1,
    "price": "6999.00",
    "size": null
  }
},
{
  "model": "main.orderitem",
  "pk": 24,
  "fields": {
    "order": 25,
    "product": "P08",
    "quantity": 1,
    "price": "9999.00",
    "size": null
  }
},
{
  "model": "main.orderitem",
  "pk": 25,
  "fields": {
    "order": 26,
    "product": "P06",
    "quantity": 1,
    "price": "6999.00",
    "size": null
  }
},
{
  "model": "main.orderitem",
  "pk": 26,
  "fields": {
    "order": 26,
    "product": "P10",
    "quantity": 1,
    "price": "6999.00",
    "size": null
  }
},
{
  "model": "main.orderitem",
  "pk": 27,
  "fields": {
    "order": 27,
    "product": "P01",
    "quantity": 1,
    "price": "21499.00",
    "size": null
  }
},
{
  "model": "main.orderitem",
  "pk": 28,
  "fields": {
    "order": 27,
    "product": "P01",
    "quantity": 2,
    "price": "21499.00",
    "size": null
  }
},
{
  "model": "main.orderitem",
  "pk": 29,
  "fields": {
    "order": 28,
    "product": "P07",
    "quantity": 1,
    "price": "6999.00",
    "size": null
  }
},
{
  "model": "main.orderitem",
  "pk": 30,
  "fields": {
    "order": 29,
    "product": "P02",
    "quantity": 1,
    "price": "4295.00",
    "size": null
  }
},
{
  "model": "main.orderitem",
  "pk": 31,
  "fields": {
    "order": 30,
    "product": "P08",
    "quantity": 1,
    "price": "9999.00",
    "size": null
  }
},
{
  "model": "main.orderitem",
  "pk": 32,
  "fields": {
    "order": 30,
    "product": "P09",
    "quantity": 1,
    "price": "7999.00",
    "size": null
  }
},
{
  "model": "main.orderitem",
  "pk": 33,
  "fields": {
    "order": 31,
    "product": "P09",
    "quantity": 1,
    "price": "7999.00",
    "size": null
  }
},
{
  "model": "main.wishlist",
  "pk": 24,
  "fields": {
    "user": "6fbe76d3-5af9-49f8-8927-f9ae7d90f514",
    "product": "P09",
    "added_at": "2025-10-22T13:07:35.990Z"
  }
},
{
  "model": "main.wishlist",
  "pk": 35,
  "fields": {
    "user": "b9fdcdf5-e72a-4c4b-8bf3-1015624a05f2",
    "product": "P07",
    "added_at": "2025-10-23T16:00:36.468Z"
  }
},
{
  "model": "main.wishlist",
  "pk": 42,
  "fields": {
    "user": "b9fdcdf5-e72a-4c4b-8bf3-1015624a05f2",
    "product": "P09",
    "added_at": "2025-10-27T05:18:35.594Z"
  }
},
{
  "model": "main.review",
  "pk": 2,
  "fields": {
    "product": "P10",
    "user": "b9fdcdf5-e72a-4c4b-8bf3-1015624a05f2",
    "rating": 4,
    "comment": "Good Product",
    "created_at": "2025-10-21T10:21:06.645Z"
  }
},
{
  "model": "main.review",
  "pk": 3,
  "fields": {
    "product": "P10",
    "user": "b9fdcdf5-e72a-4c4b-8bf3-1015624a05f2",
    "rating": 5,
    "comment": "Very Good",
    "created_at": "2025-10-21T10:21:17.268Z"
  }
},
{
  "model": "main.review",
  "pk": 4,
  "fields": {
    "product": "P10",
    "user": "b9fdcdf5-e72a-4c4b-8bf3-1015624a05f2",
    "rating": 4,
    "comment": "Adpowli...",
    "created_at": "2025-10-21T10:21:29.724Z"
  }
},
{
  "model": "main.review",
  "pk": 5,
  "fields": {
    "product": "P10",
    "user": "b9fdcdf5-e72a-4c4b-8bf3-1015624a05f2",
    "rating": 4,
    "comment": "Super",
    "created_at": "2025-10-21T10:21:35.431Z"
  }
},
{
  "model": "main.review",
  "pk": 6,
  "fields": {
    "product": "P10",
    "user": "b9fdcdf5-e72a-4c4b-8bf3-1015624a05f2",
    "rating": 5,
    "comment": "comfortable product with good looks",
    "created_at": "2025-10-21T10:22:39.283Z"
  }
},
{
  "model": "main.review",
  "pk": 7,
  "fields": {
    "product": "P10",
    "user": "b9fdcdf5-e72a-4c4b-8bf3-1015624a05f2",
    "rating": 3,
    "comment": "fabulous",
    "created_at": "2025-10-21T10:22:52.799Z"
  }
},
{
  "model": "main.review",
  "pk": 8,
  "fields": {
    "product": "P10",
    "user": "b9fdcdf5-e72a-4c4b-8bf3-1015624a05f2",
    "rating": 4,
    "comment": "Good",
    "created_at": "2025-10-21T10:29:02.478Z"
  }
},
{
  "model": "main.user",
  "pk": "0c0b2b07-463f-4c73-8be3-6e5140961da2",
  "fields": {
    "password": "pbkdf2_sha256$1000000$2smJMt0LE9nwVnupujqoI3$hUzP8Y4XLx0ZnHGzMF3Tpra/h12j8q4k4UyOAA9qRLs=",
    "last_login": null,
    "is_superuser": false,
    "username": "affan",
    "first_name": "",
    "last_name": "",
    "is_staff": false,
    "is_active": true,
    "date_joined": "2025-10-22T11:56:19.867Z",
    "email": "affan1@gmail.com",
    "role": "user",
    "isBlock": false,
    "created_at": "2025-10-22T11:56:22.277Z",
    "is_verified": true,
    "groups": [],
    "user_permissions": []
  }
},
{
  "model": "main.user",
  "pk": "0ec1d0b8-64e7-4da4-b2a5-af0ea7c775c2",
  "fields": {
    "password": "pbkdf2_sha256$1000000$aMucG0NgfjG2ls258lCbfO$zV+Kg3ZtQueesv96vqGcGxa4J+7RIUZRQ6CaTFP4eSM=",
    "last_login": null,
    "is_superuser": false,
    "username": "Afnan",
    "first_name": "",
    "last_name": "",
    "is_staff": false,
    "is_active": true,
    "date_joined": "2025-10-20T15:33:52.916Z",
    "email": "afnan@gmail.com",
    "role": "user",
    "isBlock": false,
    "created_at": "2025-10-20T15:33:54.077Z",
    "is_verified": true,
    "groups": [],
    "user_permissions": []
  }
},
{
  "model": "main.user",
  "pk": "13edb13d-9418-46f5-92b6-cca14ff7bb1b",
  "fields": {
    "password": "pbkdf2_sha256$1000000$9hHslKeYXhsJByhBKfnPsE$aVoXA8eTnGPTUk0MmWFodrijXulNmW+d5YORctFNvs4=",
    "last_login": null,
    "is_superuser": false,
    "username": "Affan",
    "first_name": "",
    "last_name": "",
    "is_staff": false,
    "is_active": false,
    "date_joined": "2025-10-20T14:48:32.194Z",
    "email": "affan@gmail.com",
    "role": "user",
    "isBlock": false,
    "created_at": "2025-10-20T14:48:34.273Z",
    "is_verified": false,
    "groups": [],
    "user_permissions": []
  }
},
{
  "model": "main.user",
  "pk": "24ca9ecc-aa82-42d0-a58f-3fbf4eee104d",
  "fields": {
    "password": "pbkdf2_sha256$1000000$UfntVkcPC4vCyKfPT4ZAM0$bzm+ui2L1z91pZLecvaSHdw/Vp/LqLdUpNd+ph3AfRo=",
    "last_login": null,
    "is_superuser": false,
    "username": "qwsdfgjkl",
    "first_name": "",
    "last_name": "",
    "is_staff": false,
    "is_active": true,
    "date_joined": "2025-10-21T11:29:23.948Z",
    "email": "sdfghvj@gmail.com",
    "role": "user",
    "isBlock": false,
    "created_at": "2025-10-21T11:29:26.071Z",
    "is_verified": true,
    "groups": [],
    "user_permissions": []
  }
},
{
  "model": "main.user",
  "pk": "3aabbb3d-be0f-413b-b417-5456aea846db",
  "fields": {
    "password": "pbkdf2_sha256$1000000$n9FV4aSXuZTvlnvx7Yvw2k$qvz1bWHTefQUVh0k2F5AUNXB1DISwVxRFvCtHsMbIx0=",
    "last_login": null,
    "is_superuser": false,
    "username": "salman",
    "first_name": "",
    "last_name": "",
    "is_staff": false,
    "is_active": true,
    "date_joined": "2025-10-22T12:58:43.384Z",
    "email": "mrsalmanxzs@gmail.com",
    "role": "user",
    "isBlock": false,
    "created_at": "2025-10-22T12:58:45.069Z",
    "is_verified": true,
    "groups": [],
    "user_permissions": []
  }
},
{
  "model": "main.user",
  "pk": "435a242b-b0a1-4088-8480-5198739e7a11",
  "fields": {
    "password": "pbkdf2_sha256$1000000$xE604CXNBJiSeSXhFsHgNb$qJZuRXZR8ADtkAWyr9sDcBgV+SN4132M+rWaW99/3G4=",
    "last_login": null,
    "is_superuser": false,
    "username": "cinaney",
    "first_name": "",
    "last_name": "",
    "is_staff": false,
    "is_active": false,
    "date_joined": "2025-10-20T12:33:52.553Z",
    "email": "cinaney@gmail.com",
    "role": "user",
    "isBlock": false,
    "created_at": "2025-10-20T12:33:54.765Z",
    "is_verified": false,
    "groups": [],
    "user_permissions": []
  }
},
{
  "model": "main.user",
  "pk": "44aae41c-6131-4140-bde1-47842dbdfad8",
  "fields": {
    "password": "pbkdf2_sha256$1000000$M1sqUCnEfgSL828okW0Smp$RWMO+hwZHz1JOMGiPXOFdopG1nLdReF7Pj4uiXtJW1o=",
    "last_login": null,
    "is_superuser": false,
    "username": "werth",
    "first_name": "",
    "last_name": "",
    "is_staff": false,
    "is_active": true,
    "date_joined": "2025-10-21T03:30:51.046Z",
    "email": "wgewr@gmail.com",
    "role": "user",
    "isBlock": false,
    "created_at": "2025-10-21T03:30:53.465Z",
    "is_verified": true,
    "groups": [],
    "user_permissions": []
  }
},
{
  "model": "main.user",
  "pk": "45f895f8-3d03-402d-9cb9-ba37cb955a63",
  "fields": {
    "password": "pbkdf2_sha256$1000000$V2bXjC4JuvsNeG8G0Jd3yB$0ny3w2z7kU/OM4GTRXgjoenYW4y3LcULk/yBuEKkjbk=",
    "last_login": null,
    "is_superuser": false,
    "username": "fsadgh",
    "first_name": "",
    "last_name": "",
    "is_staff": false,
    "is_active": true,
    "date_joined": "2025-10-21T03:59:26.163Z",
    "email": "sadfg@gmail.com",
    "role": "user",
    "isBlock": false,
    "created_at": "2025-10-21T03:59:28.779Z",
    "is_verified": true,
    "groups": [],
    "user_permissions": []
  }
},
{
  "model": "main.user",
  "pk": "4aa896be-55a8-4ee1-bbcb-c3cdc84d12f6",
  "fields": {
    "password": "pbkdf2_sha256$1000000$t4V61fje3qHemZ25JllrPH$RdIKqPezszlGBrRQIkyRQDTvUV/rOYE9+a6xzP/OIuQ=",
    "last_login": null,
    "is_superuser": false,
    "username": "dog",
    "first_name": "",
    "last_name": "",
    "is_staff": false,
    "is_active": true,
    "date_joined": "2025-10-20T16:51:53.321Z",
    "email": "dog@gmail.com",
    "role": "user",
    "isBlock": false,
    "created_at": "2025-10-20T16:51:54.501Z",
    "is_verified": true,
    "groups": [],
    "user_permissions": []
  }
},
{
  "model": "main.user",
  "pk": "59a6df9f-0095-4232-a3f0-b4f998360a03",
  "fields": {
    "password": "pbkdf2_sha256$1000000$vtO6CY2MbOzx26utew23YG$aGTlvfgs4mxFR4zH6uLkg+Y6329KvttAqeUK9W097cM=",
    "last_login": null,
    "is_superuser": false,
    "username": "desfg",
    "first_name": "",
    "last_name": "",
    "is_staff": false,
    "is_active": true,
    "date_joined": "2025-10-20T15:56:43.659Z",
    "email": "ewfg@gmail.com",
    "role": "user",
    "isBlock": false,
    "created_at": "2025-10-20T15:56:45.527Z",
    "is_verified": true,
    "groups": [],
    "user_permissions": []
  }
},
{
  "model": "main.user",
  "pk": "6ed02d81-dfbb-403e-b76b-c1b073d00363",
  "fields": {
    "password": "pbkdf2_sha256$1000000$qqUE9ezPkEHcXApulIwq3h$spWTa8wR9baZtfl6HSllKRsIA9UYVqslABf1xfMRlrw=",
    "last_login": null,
    "is_superuser": false,
    "username": "wsdfg",
    "first_name": "",
    "last_name": "",
    "is_staff": false,
    "is_active": true,
    "date_joined": "2025-10-20T15:53:34.790Z",
    "email": "wer@gmail.com",
    "role": "user",
    "isBlock": false,
    "created_at": "2025-10-20T15:53:36.636Z",
    "is_verified": true,
    "groups": [],
    "user_permissions": []
  }
},
{
  "model": "main.user",
  "pk": "6fbe76d3-5af9-49f8-8927-f9ae7d90f514",
  "fields": {
    "password": "pbkdf2_sha256$1000000$1JOTZkX7NKGgTIaQOzP6I5$u3O9Sa5ij0Knpcu8+pPszfbyk21xvRtzbRNHiKojmEQ=",
    "last_login": null,
    "is_superuser": false,
    "username": "fasalu rahman e",
    "first_name": "",
    "last_name": "",
    "is_staff": false,
    "is_active": true,
    "date_joined": "2025-10-22T13:06:29.913Z",
    "email": "rahmanfaslu33@gmail.com",
    "role": "user",
    "isBlock": false,
    "created_at": "2025-10-22T13:06:31.157Z",
    "is_verified": true,
    "groups": [],
    "user_permissions": []
  }
},
{
  "model": "main.user",
  "pk": "6fc6e30e-76f0-481e-ae36-1042aea18e05",
  "fields": {
    "password": "pbkdf2_sha256$1000000$24mLYwmncdcZjNKb16yk5S$uNgBxr+9WLFgLTUxqlpWXi9cg+PHsJDpD9fT6dKSqFI=",
    "last_login": null,
    "is_superuser": false,
    "username": "dewd",
    "first_name": "",
    "last_name": "",
    "is_staff": false,
    "is_active": false,
    "date_joined": "2025-10-20T10:53:35.119Z",
    "email": "toptimacare@gmail.com",
    "role": "user",
    "isBlock": false,
    "created_at": "2025-10-20T10:53:36.534Z",
    "is_verified": false,
    "groups": [],
    "user_permissions": []
  }
},
{
  "model": "main.user",
  "pk": "740ad0c3-e3d1-4afa-b522-a03831b2c9f2",
  "fields": {
    "password": "pbkdf2_sha256$1000000$tg93DVVulZyD92GsDVsTda$2GUDnsWhezD6FSnEV6zqZ/hiMnfJun/rhFozEA2+pOM=",
    "last_login": null,
    "is_superuser": false,
    "username": "siyu",
    "first_name": "",
    "last_name": "",
    "is_staff": false,
    "is_active": false,
    "date_joined": "2025-10-20T11:17:54.530Z",
    "email": "siyugames@gmail.com",
    "role": "user",
    "isBlock": false,
    "created_at": "2025-10-20T11:17:55.658Z",
    "is_verified": false,
    "groups": [],
    "user_permissions": []
  }
},
{
  "model": "main.user",
  "pk": "833123d2-edad-40c8-b42c-9575986e158f",
  "fields": {
    "password": "pbkdf2_sha256$1000000$H7g49HONqaHoSm0nvO5YRs$3ImMfOrrgh3p9jLJfAhmv8Uj6zQ1CfohHIOaKnSVrxE=",
    "last_login": null,
    "is_superuser": false,
    "username": "qwertyuk",
    "first_name": "",
    "last_name": "",
    "is_staff": false,
    "is_active": true,
    "date_joined": "2025-10-20T15:55:54.412Z",
    "email": "wsd@gmail.com",
    "role": "user",
    "isBlock": false,
    "created_at": "2025-10-20T15:55:56.493Z",
    "is_verified": true,
    "groups": [],
    "user_permissions": []
  }
},
{
  "model": "main.user",
  "pk": "a026816b-7adc-40e8-926e-91d8b7590243",
  "fields": {
    "password": "pbkdf2_sha256$1000000$YXZvfaszWLgJqH7rRUXqYg$4xzVrDpxKgC4Gk9bNEl7SoN27cf+Ht8P7MJqwgZNZXE=",
    "last_login": null,
    "is_superuser": false,
    "username": "Sinzz",
    "first_name": "",
    "last_name": "",
    "is_staff": false,
    "is_active": true,
    "date_joined": "2025-10-20T15:41:33.245Z",
    "email": "sinzz@gmail.com",
    "role": "user",
    "isBlock": false,
    "created_at": "2025-10-20T15:41:35.179Z",
    "is_verified": true,
    "groups": [],
    "user_permissions": []
  }
},
{
  "model": "main.user",
  "pk": "a5926926-e801-4422-ba52-b0dad62904f8",
  "fields": {
    "password": "pbkdf2_sha256$1000000$lyTQ5NjW1RsrZkAm4WSj6S$mUQ7433foovwVBPgM4eGjPciPAJYs6YSJZBanZ8ntHI=",
    "last_login": null,
    "is_superuser": false,
    "username": "rtyu",
    "first_name": "",
    "last_name": "",
    "is_staff": false,
    "is_active": true,
    "date_joined": "2025-10-20T15:21:22.550Z",
    "email": "qq@gmail.com",
    "role": "user",
    "isBlock": false,
    "created_at": "2025-10-20T15:21:24.639Z",
    "is_verified": true,
    "groups": [],
    "user_permissions": []
  }
},
{
  "model": "main.user",
  "pk": "adb05689-b32c-4ba1-beaa-c465f08232cd",
  "fields": {
    "password": "pbkdf2_sha256$1000000$LwJw30m5S1F11ZzzyhxQ0z$DznZ2348O9GjjBIM4nwckNfzBTpeQjrujhWHF17h3/Q=",
    "last_login": "2025-10-17T11:53:57.969Z",
    "is_superuser": true,
    "username": "admin",
    "first_name": "",
    "last_name": "",
    "is_staff": true,
    "is_active": true,
    "date_joined": "2025-10-17T11:53:46.335Z",
    "email": "admin@gmail.com",
    "role": "user",
    "isBlock": false,
    "created_at": "2025-10-17T11:53:47.502Z",
    "is_verified": false,
    "groups": [],
    "user_permissions": []
  }
},
{
  "model": "main.user",
  "pk": "b0c79b13-b601-4f4b-9ba5-78c828065205",
  "fields": {
    "password": "pbkdf2_sha256$1000000$lRb6JO4lWLTNRxZzGfg7pb$3MDYO1arvWQwv8UR4OtTpL09Rk0ua67tLf52jHV/T3c=",
    "last_login": null,
    "is_superuser": false,
    "username": "Sinu",
    "first_name": "",
    "last_name": "",
    "is_staff": false,
    "is_active": true,
    "date_joined": "2025-10-20T15:29:55.365Z",
    "email": "sinu@gmail.com",
    "role": "user",
    "isBlock": false,
    "created_at": "2025-10-20T15:29:56.629Z",
    "is_verified": true,
    "groups": [],
    "user_permissions": []
  }
},
{
  "model": "main.user",
  "pk": "b9fdcdf5-e72a-4c4b-8bf3-1015624a05f2",
  "fields": {
    "password": "pbkdf2_sha256$1000000$PSP4O5KIMW5JhRACSrTwAY$o71ZBTyljIBhvDcPowzMbNP1x04h0ey2THENOq8oqFk=",
    "last_login": null,
    "is_superuser": false,
    "username": "Sinan",
    "first_name": "",
    "last_name": "",
    "is_staff": false,
    "is_active": true,
    "date_joined": "2025-10-17T15:10:29.515Z",
    "email": "sinan@gmail.com",
    "role": "user",
    "isBlock": true,
    "created_at": "2025-10-17T15:10:31.922Z",
    "is_verified": false,
    "groups": [],
    "user_permissions": []
  }
},
{
  "model": "main.user",
  "pk": "bd48fa4a-d60b-42e2-ad31-2c241f1a0678",
  "fields": {
    "password": "pbkdf2_sha256$1000000$6awLvCwUPTlFIlZ8Py8vaW$7TwYLPWuBZ7sDpmCY51igBAG0hM255rYCpKU1d147iw=",
    "last_login": null,
    "is_superuser": false,
    "username": "SINAN",
    "first_name": "",
    "last_name": "",
    "is_staff": false,
    "is_active": true,
    "date_joined": "2025-10-21T11:49:07.029Z",
    "email": "mohamedsinan9400@gmail.com",
    "role": "user",
    "isBlock": false,
    "created_at": "2025-10-21T11:49:08.867Z",
    "is_verified": true,
    "groups": [],
    "user_permissions": []
  }
},
{
  "model": "main.user",
  "pk": "c48b958c-1b14-4ab5-ae6c-0ea9dbeda0f3",
  "fields": {
    "password": "pbkdf2_sha256$1000000$62SbtKbwE8cm7GOwJWhQk2$3CK21y4VSNjFTZdzqoWSIW9sHYqlrpVIitAmwTkVROo=",
    "last_login": null,
    "is_superuser": false,
    "username": "qwertykl;",
    "first_name": "",
    "last_name": "",
    "is_staff": false,
    "is_active": true,
    "date_joined": "2025-10-20T16:40:04.140Z",
    "email": "sdfg@gmail.com",
    "role": "user",
    "isBlock": false,
    "created_at": "2025-10-20T16:40:05.387Z",
    "is_verified": true,
    "groups": [],
    "user_permissions": []
  }
},
{
  "model": "main.user",
  "pk": "c5d01809-f6e8-40c3-a430-a8858a568140",
  "fields": {
    "password": "pbkdf2_sha256$1000000$84YidwTvypWQJFeuXyPDJs$g6Ja9Sky6h2dfLM/g6XAOuxm0VesgiK34BebMVGRqVc=",
    "last_login": null,
    "is_superuser": false,
    "username": "Nishad",
    "first_name": "",
    "last_name": "",
    "is_staff": false,
    "is_active": false,
    "date_joined": "2025-10-20T14:42:05.738Z",
    "email": "nishad@gmail.com",
    "role": "user",
    "isBlock": false,
    "created_at": "2025-10-20T14:42:07.953Z",
    "is_verified": false,
    "groups": [],
    "user_permissions": []
  }
},
{
  "model": "main.user",
  "pk": "c85e91c7-e8d9-43a9-adfe-5b84fada8997",
  "fields": {
    "password": "pbkdf2_sha256$1000000$OkI3OytG8EBagCDwBJPIhA$ndB5ezvXnE/By3WqGwAxpFy11pS3eJXgHBPUnhhy/6s=",
    "last_login": null,
    "is_superuser": false,
    "username": "cat",
    "first_name": "",
    "last_name": "",
    "is_staff": false,
    "is_active": true,
    "date_joined": "2025-10-20T16:44:34.241Z",
    "email": "cat@gmail.com",
    "role": "user",
    "isBlock": false,
    "created_at": "2025-10-20T16:44:35.416Z",
    "is_verified": true,
    "groups": [],
    "user_permissions": []
  }
},
{
  "model": "main.user",
  "pk": "c94f7bf5-14d5-4b5e-9b2a-7985edc65a5c",
  "fields": {
    "password": "pbkdf2_sha256$1000000$BziQZFszMTRBACF79bGfTg$pBnRI0+I0/1xQbjXEozv4qvpmLOSZoM6Ctp+UQ1gdGc=",
    "last_login": null,
    "is_superuser": false,
    "username": "sadfgh",
    "first_name": "",
    "last_name": "",
    "is_staff": false,
    "is_active": true,
    "date_joined": "2025-10-20T16:41:46.023Z",
    "email": "sad@gmail.com",
    "role": "user",
    "isBlock": false,
    "created_at": "2025-10-20T16:41:48.337Z",
    "is_verified": true,
    "groups": [],
    "user_permissions": []
  }
},
{
  "model": "main.user",
  "pk": "d21f1db6-c6db-4192-8f4d-c6d59b92a390",
  "fields": {
    "password": "pbkdf2_sha256$1000000$ui3Zc5qCXd1No4sDahcrfM$8aWeHHtXN6LETC52wki5eMmYD48/rrmnipXKmMTc60k=",
    "last_login": null,
    "is_superuser": false,
    "username": "try",
    "first_name": "",
    "last_name": "",
    "is_staff": false,
    "is_active": true,
    "date_joined": "2025-10-20T15:05:39.537Z",
    "email": "try@gmail.com",
    "role": "user",
    "isBlock": false,
    "created_at": "2025-10-20T15:05:41.833Z",
    "is_verified": true,
    "groups": [],
    "user_permissions": []
  }
},
{
  "model": "main.user",
  "pk": "d3352a38-84f0-454f-b649-1f83cdd5c70f",
  "fields": {
    "password": "pbkdf2_sha256$1000000$gbqYdyN0pWoohrktBtm7Zh$75fgXNmCtQd8HwuD0ZKZKmL3IX2uzJsrtMTDq6reiDU=",
    "last_login": null,
    "is_superuser": false,
    "username": "dacfds",
    "first_name": "",
    "last_name": "",
    "is_staff": false,
    "is_active": false,
    "date_joined": "2025-10-20T10:57:26.245Z",
    "email": "toptimapolyrub@gmail.com",
    "role": "user",
    "isBlock": false,
    "created_at": "2025-10-20T10:57:27.379Z",
    "is_verified": false,
    "groups": [],
    "user_permissions": []
  }
},
{
  "model": "main.user",
  "pk": "e98c5f2c-32d0-4536-8e0a-fe592ee00cff",
  "fields": {
    "password": "pbkdf2_sha256$1000000$LFgnR7OxXnwsnSW8BQo5M3$vRisyByIyn7Q5mwdhjRkSyOj8jDLIXG8eOapjUDJzzE=",
    "last_login": null,
    "is_superuser": false,
    "username": "Shabna",
    "first_name": "",
    "last_name": "",
    "is_staff": false,
    "is_active": false,
    "date_joined": "2025-10-20T12:50:04.323Z",
    "email": "shabnasherinlulu@gmail.com",
    "role": "user",
    "isBlock": false,
    "created_at": "2025-10-20T12:50:06.796Z",
    "is_verified": false,
    "groups": [],
    "user_permissions": []
  }
},
{
  "model": "main.user",
  "pk": "eaf3fdba-3711-47f4-bb48-8376e3496226",
  "fields": {
    "password": "pbkdf2_sha256$1000000$JF3TAMXFQY56bn0HpCmWDd$2EFdTl2dTgU6GTqW3oevcwNURuBD2Cx5k+Gs4t7DibU=",
    "last_login": null,
    "is_superuser": false,
    "username": "dewddsa",
    "first_name": "",
    "last_name": "",
    "is_staff": false,
    "is_active": true,
    "date_joined": "2025-10-20T15:46:30.247Z",
    "email": "sdf@gmail.com",
    "role": "user",
    "isBlock": false,
    "created_at": "2025-10-20T15:46:32.203Z",
    "is_verified": true,
    "groups": [],
    "user_permissions": []
  }
},
{
  "model": "main.user",
  "pk": "f3a17a20-74b6-40b2-980b-04eaba3b77b9",
  "fields": {
    "password": "pbkdf2_sha256$1000000$BFNb9RxRokcNjYEUA51Bqc$eKJPachp0AZ9IvDXSKIboCDcVo9zsG2i72pYcSv2lpM=",
    "last_login": null,
    "is_superuser": false,
    "username": "demo",
    "first_name": "",
    "last_name": "",
    "is_staff": false,
    "is_active": true,
    "date_joined": "2025-10-20T15:14:31.432Z",
    "email": "demo@gmail.com",
    "role": "user",
    "isBlock": false,
    "created_at": "2025-10-20T15:14:32.621Z",
    "is_verified": true,
    "groups": [],
    "user_permissions": []
  }
}
]
